timestamp,model_name,mode,train_accuracy,validation_accuracy,elapsed_seconds,extra_info
2026-10-06 21:43:52,01_knn,smoke,0.6889,0.6667,0.89,"{""k"": 5, ""algorithm"": ""brute""}"
2026-10-06 21:43:56,02_logistic_regression,smoke,1.0000,0.5333,2.14,"{""C"": 1.0, ""penalty"": ""l2"", ""solver"": ""lbfgs""}"
2026-10-06 21:44:06,03_svm_rbf,smoke,1.0000,0.5333,9.09,"{""C"": 1.0, ""gamma"": 0.001, ""kernel"": ""rbf""}"
2026-10-06 21:44:44,04_mobilenetv1,smoke,0.6963,0.6667,30.19,"{""epochs"": 2, ""batch_size"": 32, ""lr"": 0.001}"
2026-10-06 21:45:30,05_inceptionv3,smoke,0.5407,0.5333,39.19,"{""epochs"": 2, ""batch_size"": 32, ""lr"": 0.01, ""optimizer"": ""SGD""}"
2026-10-06 21:46:37,06_inception_svm_hybrid,smoke,0.8741,0.7333,62.94,"{""best_gamma"": 0.001, ""layer_idx"": 288, ""c_param"": 1.0}"
2026-10-06 22:33:17,01_knn,smoke,0.6889,0.6667,1.37,"{""k"": 5, ""algorithm"": ""brute""}"
2026-10-06 22:33:31,02_logistic_regression,smoke,1.0000,0.5333,1.92,"{""C"": 1.0, ""penalty"": ""l2"", ""solver"": ""lbfgs""}"
2026-10-06 22:33:45,03_svm_rbf,smoke,1.0000,0.5333,8.06,"{""C"": 1.0, ""gamma"": 0.001, ""kernel"": ""rbf""}"
2026-10-06 22:34:06,04_mobilenetv1,smoke,0.6222,0.5333,6.57,"{""epochs"": 2, ""batch_size"": 32, ""lr"": 0.001}"
2026-10-06 22:34:43,05_inceptionv3,smoke,0.5333,0.5333,15.15,"{""epochs"": 2, ""batch_size"": 32, ""lr"": 0.01, ""optimizer"": ""SGD""}"
2026-10-06 22:35:06,06_inception_svm_hybrid,smoke,0.8741,0.7333,10.82,"{""best_gamma"": 0.001, ""layer_idx"": 288, ""c_param"": 1.0}"
2026-10-06 22:35:47,07_inceptionv3_retrained,smoke,0.5778,0.5333,14.19,"{""aug"": ""shift_flip"", ""epochs"": 2, ""batch_size"": 32, ""trainable_params"": 102402}"
2026-10-06 22:36:30,07_inceptionv3_retrained,smoke,0.5704,0.5333,17.62,"{""aug"": ""flip_zoom"", ""epochs"": 2, ""batch_size"": 32, ""trainable_params"": 102402}"
2026-10-06 22:37:05,07_inceptionv3_retrained,smoke,0.7852,0.6000,16.69,"{""aug"": ""none"", ""epochs"": 2, ""batch_size"": 32, ""trainable_params"": 102402}"
2026-10-07 18:21:09,01_knn,smoke,0.6889,0.6667,2.90,"{""k"": 5, ""algorithm"": ""brute""}"
2026-10-07 18:32:59,01_knn,smoke,0.6889,0.6667,2.80,"{""k"": 5, ""algorithm"": ""brute""}"
2026-10-07 18:33:09,02_logistic_regression,smoke,1.0000,0.5333,3.10,"{""C"": 1.0, ""penalty"": ""l2"", ""solver"": ""lbfgs""}"
2026-10-07 18:33:20,03_svm_rbf,smoke,1.0000,0.5333,5.76,"{""C"": 1.0, ""gamma"": 0.001, ""kernel"": ""rbf""}"
2026-10-07 18:37:10,04_mobilenetv1,smoke,0.7630,0.7333,16.28,"{""epochs"": 2, ""batch_size"": 16, ""lr"": 0.001}"
2026-10-07 18:38:02,05_inceptionv3,smoke,0.7926,0.6667,41.48,"{""epochs"": 2, ""batch_size"": 16, ""lr"": 0.01, ""optimizer"": ""SGD""}"
2026-10-07 18:38:25,06_inception_svm_hybrid,smoke,0.8741,0.7333,14.45,"{""best_gamma"": 0.001, ""layer_idx"": 288, ""c_param"": 1.0}"
2026-10-07 18:45:02,01_knn,smoke,0.6889,0.6667,0.99,"{""k"": 5, ""algorithm"": ""brute""}"
2026-10-07 18:45:06,02_logistic_regression,smoke,1.0000,0.5333,2.77,"{""C"": 1.0, ""penalty"": ""l2"", ""solver"": ""lbfgs""}"
2026-10-07 18:45:12,03_svm_rbf,smoke,1.0000,0.5333,4.30,"{""C"": 1.0, ""gamma"": 0.001, ""kernel"": ""rbf""}"
2026-10-07 18:45:28,04_mobilenetv1,smoke,0.7333,0.6667,12.96,"{""epochs"": 2, ""batch_size"": 16, ""lr"": 0.001}"
2026-10-07 18:46:03,05_inceptionv3,smoke,0.5852,0.5333,31.79,"{""epochs"": 2, ""batch_size"": 16, ""lr"": 0.01, ""optimizer"": ""SGD""}"
2026-10-07 18:46:21,06_inception_svm_hybrid,smoke,0.8741,0.7333,13.89,"{""best_gamma"": 0.001, ""layer_idx"": 288, ""c_param"": 1.0}"
